{"text": " Testing, testing, is this thing working? Tell me a joke.", "segments": [{"id": 0, "seek": 0, "start": 0.0, "end": 4.0, "text": " Testing, testing, is this thing working?", "tokens": [50364, 45517, 11, 4997, 11, 307, 341, 551, 1364, 30, 50564], "temperature": 0.0, "avg_logprob": -0.3775626734683388, "compression_ratio": 1.0769230769230769, "no_speech_prob": 0.035514891147613525}, {"id": 1, "seek": 0, "start": 4.0, "end": 6.0, "text": " Tell me a joke.", "tokens": [50564, 5115, 385, 257, 7647, 13, 50664], "temperature": 0.0, "avg_logprob": -0.3775626734683388, "compression_ratio": 1.0769230769230769, "no_speech_prob": 0.035514891147613525}], "language": "en"}